timestamp,satellite,debris,sat_x,sat_y,sat_z,deb_x,deb_y,deb_z,distance_km,label,rel_x,rel_y,rel_z
2025-07-08 12:11:07.329389,SES-1,FENGYUN 1C,41707.05573320231,6195.502456006335,17.56101634137659,-1471.4880965913096,-6465.095330207853,-2809.1409579773776,45085.11536657434,0,43178.54382979362,12660.597786214188,2826.7019743187543
2025-07-08 23:11:07.329389,TANDEM-X,FENGYUN 1C,-1843.206886158328,323.95434767686754,6618.8614029932105,1709.6176493049338,6789.908722811392,1584.0899010632975,8931.967993547483,0,-3552.824535463262,-6465.9543751345245,5034.771501929913
2025-07-08 22:11:07.329389,ORBCOMM FM19,FENGYUN 1C DEB,-4621.261730468885,-4389.7297543556915,3216.3198895799155,-5620.392474048674,-4098.171058906908,1810.605070121414,1749.086295556439,0,999.1307435797889,-291.5586954487835,1405.7148194585016
2025-07-09 02:11:07.329389,YAOGAN-11,FENGYUN 1C,-5777.367604019362,-3683.8236589089524,-1434.5390082123347,-1145.3450438617483,32.14659846417876,7081.791206373027,10382.290126718208,0,-4632.022560157614,-3715.970257373131,-8516.330214585361
2025-07-09 04:11:07.329389,YAOGAN-11,FENGYUN 1C,64.77826331191696,1278.2611145298542,-6869.629308871539,1344.360384958022,6394.525509303432,2967.2332026837944,11161.422661762563,0,-1279.582121646105,-5116.264394773578,-9836.862511555333
2025-07-09 02:11:07.329389,AEHF-1 (USA 214),FENGYUN 1C DEB,41193.55500550795,-7266.481767910333,-5367.335891602077,4332.25272103517,4240.6938111157715,3882.852844587416,39708.14384441736,0,36861.30228447278,-11507.175579026105,-9250.188736189493
2025-07-08 20:11:07.329389,INMARSAT 3-F1,FENGYUN 1C DEB,-22683.071458616396,34925.6377563726,6963.062467167714,-3042.9364067549864,-3516.937527523592,-5531.410154272732,44940.831605582316,0,-19640.13505186141,38442.57528389619,12494.472621440447
2025-07-08 20:11:07.329389,COSMOS 2400,FENGYUN 1C DEB,3548.1806392646,-606.4227624063561,6965.886876687461,-3042.9364067549864,-3516.937527523592,-5531.410154272732,14425.545161010099,0,6591.117046019586,2910.514765117236,12497.297030960193
2025-07-08 21:11:07.329389,NIMIQ 4,FENGYUN 1C,-40285.43123215595,12437.389769832265,27.678991563055586,-718.0296588066426,1449.5052348877064,6987.840620391413,41650.41084694572,0,-39567.40157334931,10987.884534944558,-6960.161628828358
2025-07-08 17:11:07.329389,THURAYA-2,FENGYUN 1C DEB,-27921.204384448094,-31585.67844399665,-1619.904302178289,-5187.52424317384,-3355.2166824475353,3657.3575244643343,36628.24970460633,0,-22733.680141274253,-28230.461761549115,-5277.261826642623
2025-07-09 01:11:07.329389,GALAXY 16 (G-16),FENGYUN 1C DEB,-37880.24794167524,-18515.00955031699,-24.437148879634414,-1580.5057515116412,-2581.0376855070444,-6570.253879511132,40179.72696686618,0,-36299.7421901636,-15933.971864809946,6545.816730631498
2025-07-08 18:11:07.329389,USA 167,FENGYUN 1C DEB,8930.886095348294,41013.38687308343,3962.6720958943715,3096.818080402687,1152.9908812387444,-6446.06262847627,41608.043414609136,0,5834.0680149456075,39860.395991844685,10408.734724370643
2025-07-09 03:11:07.329389,CHUANGXIN 1-02 (CX-1-02),FENGYUN 1C,-3004.9976991260505,-860.4125385272908,6433.201517320885,-122.43959499472162,-3877.5148496550446,-6067.857253808394,13179.093974121814,0,-2882.558104131329,3017.1023111277536,12501.05877112928
2025-07-08 16:11:07.329389,NOAA 15,FENGYUN 1C,4364.484830009095,1985.6871893821235,-5347.275907504778,-250.00355224149465,2802.204770549644,6597.350305902022,12830.989804698864,0,4614.48838225059,-816.5175811675203,-11944.6262134068
2025-07-08 10:11:07.329389,FLTSATCOM 8 (USA 46),FENGYUN 1C,-38106.24137715917,-17410.104812798872,-4838.883054464507,1077.177962836892,-287.5492593363935,-7111.894440357536,42821.59315830957,0,-39183.41933999606,-17122.55555346248,2273.011385893029
2025-07-08 10:11:07.329389,IMAGE,FENGYUN 1C,-1022.3970297606311,-993.2130303931891,20406.12185859436,1077.177962836892,-287.5492593363935,-7111.894440357536,27607.01717927356,0,-2099.5749925975233,-705.6637710567957,27518.016298951898
2025-07-08 21:11:07.329389,INTELSAT 15 (IS-15),FENGYUN 1C,36517.12125929609,-21093.56910766954,-5.058844040459895,-718.0296588066426,1449.5052348877064,6987.840620391413,44085.681435445695,0,37235.15091810273,-22543.074342557247,-6992.899464431873
2025-07-09 03:11:07.329389,LATINSAT A,FENGYUN 1C DEB,-3215.6877857864733,5943.620723086972,1899.1355919362982,-5600.878453194042,-4515.986895211704,-181.07280659104583,10927.936357334973,0,2385.1906674075685,10459.607618298676,2080.208398527344
2025-07-08 15:11:07.329389,INTELSAT 14 (IS-14),FENGYUN 1C DEB,-14145.271753045856,39708.31894274153,24.1433604647256,-4273.039763059684,-4167.591201268109,-4058.8450015113385,45157.80385928157,0,-9872.231989986172,43875.910144009635,4082.988361976064
2025-07-08 14:11:07.329389,SMOS,FENGYUN 1C DEB,4345.031641799512,2137.398003981386,-5253.902139368631,1622.355779273754,2571.3152381367818,6502.866978612813,12075.71397938853,0,2722.675862525758,-433.9172341553958,-11756.769117981443
2025-07-08 09:11:07.329389,ASIASAT 4,FENGYUN 1C DEB,-35713.35686193429,-22316.302082296384,2093.9325700296968,3101.2696308100694,3500.9286601793815,5457.062092514588,46737.72858373092,0,-38814.62649274436,-25817.230742475767,-3363.129522484891
2025-07-08 19:11:07.329389,YAOGAN-11,FENGYUN 1C DEB,1782.7722085934386,-11.684323456342957,6790.020831632215,22.07847058385215,1425.542765038566,7029.2370217755615,2285.363981644154,0,1760.6937380095865,-1437.227088494909,-239.21619014334647
2025-07-08 15:11:07.329389,SURCAL 159,FENGYUN 1C,-6758.238790232366,-1738.5689117282493,2040.8798077417093,1470.911476851229,1128.9386936907035,-6954.139045819731,12524.05198652989,0,-8229.150267083594,-2867.507605418953,8995.01885356144
2025-07-09 01:11:07.329389,METEOSAT-9 (MSG-2),FENGYUN 1C,41244.44734304654,-6564.413885630435,-5788.874519129076,2029.2047600843139,3769.5151407507265,-5780.558358524864,40553.9814213276,0,39215.24258296222,-10333.929026381162,-8.3161606042122
2025-07-08 19:11:07.329389,COSMOS 2439,FENGYUN 1C DEB,-79.077539012877,1151.6357915838373,-7791.913209220185,22.07847058385215,1425.542765038566,7029.2370217755615,14824.026164916531,0,-101.15600959672915,-273.9069734547286,-14821.150230995747
2025-07-08 07:11:07.329389,TELSTAR 14R,FENGYUN 1C DEB,36961.42019737088,-20296.265722744916,-1.2411095221410833,-3125.26741560215,-1162.7028740098617,6346.7836503662575,44870.18129469432,0,40086.68761297303,-19133.562848735055,-6348.024759888399
2025-07-09 01:11:07.329389,SAUDICOMSAT 3,FENGYUN 1C DEB,-6195.399360190837,2581.391399752677,-2116.2910812975256,-1580.5057515116412,-2581.0376855070444,-6570.253879511132,8233.2072540192,0,-4614.8936086791955,5162.429085259721,4453.962798213606
2025-07-08 16:11:07.329389,LARES,FENGYUN 1C DEB,1452.7202698780045,2375.5402769420493,-7315.932207377185,5664.857629479999,4475.797689197808,97.2009599699416,8781.10048289576,0,-4212.137359601994,-2100.2574122557585,-7413.133167347126
2025-07-09 00:11:07.329389,HUANJING 1B (HJ-1B),FENGYUN 1C,-5948.478399040738,-447.2065842086884,3705.599163439208,-2244.2365673372824,-6370.708846835994,2469.482457781202,7094.876398718964,0,-3704.2418317034553,5923.502262627306,1236.1167056580061
2025-07-08 13:11:07.329389,SKYNET 5C,FENGYUN 1C DEB,-12104.365769246691,40356.06836590367,940.2281566631614,1648.3001025245105,-116.98526335582096,-7052.081621462723,43486.56004154642,0,-13752.665871771202,40473.05362925949,7992.309778125884
2025-07-09 00:11:07.329389,GLOBALSTAR M089,FENGYUN 1C,-1010.1714404110303,-6257.670934959126,4523.022473955889,-2244.2365673372824,-6370.708846835994,2469.482457781202,2398.4830424765823,0,1234.065126926252,113.03791187686875,2053.540016174687
2025-07-08 18:11:07.329389,NAVSTAR 54 (USA 177),FENGYUN 1C DEB,-11787.761177759367,-11068.726951941728,-21262.0310317996,3096.818080402687,1152.9908812387444,-6446.06262847627,24298.847837184894,0,-14884.579258162054,-12221.717833180472,-14815.968403323332
2025-07-08 22:11:07.329389,BEIDOU-2 IGSO-1,FENGYUN 1C DEB,40069.67889290002,-708.1955203329809,-12459.451411689859,-5620.392474048674,-4098.171058906908,1810.605070121414,47986.55090400933,0,45690.071366948694,3389.975538573927,-14270.056481811273
2025-07-08 13:11:07.329389,WGS F2 (USA 204),FENGYUN 1C DEB,-42134.098716969056,-1511.0235217614159,7.222795652328282,1648.3001025245105,-116.98526335582096,-7052.081621462723,44369.75961066941,0,-43782.39881949357,-1394.038258405595,7059.304417115051
2025-07-08 09:11:07.329389,WORLDVIEW-1 (WV-1),FENGYUN 1C,3203.504882884221,-2830.4537426516554,-5388.68561712968,-2045.079644269584,-3605.2286860213344,5864.472325661028,12441.12050568378,0,5248.584527153805,774.774943369679,-11253.157942790709
2025-07-08 07:11:07.329389,BADR-4,FENGYUN 1C,20765.567172675208,36686.15957805135,-326.26064539738496,-1831.3077112638512,-6816.825157799928,-1417.158237698751,49033.850481121655,0,22596.87488393906,43502.98473585128,1090.897592301366
2025-07-08 14:11:07.329389,SBIRS GEO-1 (USA 230),FENGYUN 1C,-41286.56008545131,-8357.548639116207,1833.3634122048154,-2213.041000681398,-4739.78652517597,4925.210384774648,39362.26129280086,0,-39073.51908476991,-3617.7621139402363,-3091.8469725698333
2025-07-09 04:11:07.329389,EROS B,FENGYUN 1C DEB,-1728.3946066406277,1094.2675472341336,6501.567867147153,5152.456420207912,3358.9118132823155,-3814.707592900293,12605.564797858313,0,-6880.85102684854,-2264.6442660481816,10316.275460047447
2025-07-08 17:11:07.329389,SWAS,FENGYUN 1C,-6054.53422261898,-3206.2875676857257,1029.8907875864484,-1053.4515343885462,-5838.649572296597,-4082.6498802078413,7620.907416947643,0,-5001.082688230434,2632.3620046108717,5112.54066779429
2025-07-08 09:11:07.329389,SUPERBIRD-C2,FENGYUN 1C,-37108.41986207179,-19997.546500380464,911.356794640665,-2045.079644269584,-3605.2286860213344,5864.472325661028,39021.52308688035,0,-35063.3402178022,-16392.31781435913,-4953.115531020363
2025-07-08 14:11:07.329389,ARIRANG-2 (KOMPSAT-2),FENGYUN 1C,-2849.6406571961043,-381.4266326254232,-6464.974485629158,-2213.041000681398,-4739.78652517597,4925.210384774648,12212.16080215306,0,-636.5996565147061,4358.359892550548,-11390.184870403806
2025-07-08 07:11:07.329389,COSMOS 2416,FENGYUN 1C DEB,4573.105580308757,-1829.4111482770377,6065.69320304783,-3125.26741560215,-1162.7028740098617,6346.7836503662575,7732.299693281441,0,7698.372995910908,-666.708274267176,-281.0904473184273
2025-07-08 21:11:07.329389,SUPERBIRD-C2,FENGYUN 1C,36939.72569375829,20309.824560191926,-907.7001475137736,-718.0296588066426,1449.5052348877064,6987.840620391413,42850.411284650814,0,37657.755352564935,18860.31932530422,-7895.540767905186
2025-07-09 05:11:07.329389,SAUDICOMSAT 2,FENGYUN 1C,3119.973239712827,1388.4765204848313,6231.1128871506935,-2109.7586185169584,-6796.88150906062,1057.124729918677,11005.468405842837,0,5229.731858229785,8185.358029545452,5173.988157232016
2025-07-09 01:11:07.329389,DEIMOS-1,FENGYUN 1C,6768.2238562962775,33.70394262548237,-1900.310508923185,2029.2047600843139,3769.5151407507265,-5780.558358524864,7174.323011729963,0,4739.019096211963,-3735.811198125244,3880.2478496016793
2025-07-08 20:11:07.329389,CHUANGXIN 1-03 (CX-1-03),FENGYUN 1C,4248.975827216207,768.9666512266933,-5744.816215953703,1792.5976406778984,2500.697984666748,-6504.1794735917365,3099.890282505164,0,2456.378186538309,-1731.7313334400549,759.3632576380332
2025-07-09 01:11:07.329389,DLR-TUBSAT,FENGYUN 1C DEB,-815.1609415787276,-933.2105033617529,-6987.610728789335,-1580.5057515116412,-2581.0376855070444,-6570.253879511132,1864.208636378334,0,765.3448099329136,1647.8271821452915,-417.3568492782024
2025-07-08 07:11:07.329389,GLOBALSTAR M081,FENGYUN 1C,-5795.830811849566,4263.213996723145,-2998.236698412546,-1831.3077112638512,-6816.825157799928,-1417.158237698751,11873.690251129818,0,-3964.523100585715,11080.039154523074,-1581.078460713795
2025-07-09 05:11:07.329389,GENESIS 2,FENGYUN 1C DEB,-4893.50278972727,3646.5614577470046,-2767.7056248112012,-3028.7069255604424,-1140.640534238833,6397.205395826356,10506.681709430939,0,-1864.7958641668279,4787.201991985838,-9164.911020637557
2025-07-08 14:11:07.329389,AURA,FENGYUN 1C DEB,-1322.128732585754,2385.7411393121392,6514.303261637999,1622.355779273754,2571.3152381367818,6502.866978612813,2950.3487209658006,0,-2944.484511859508,-185.57409882464253,11.43628302518573
2025-07-08 18:11:07.329389,SHIJIAN-6 01B (SJ-6 01B),FENGYUN 1C,-3953.474455566838,-2789.8876802778063,-4977.77457166632,2004.1887244625711,6894.6504733894535,133.4531035397169,12466.30170356498,0,-5957.663180029409,-9684.53815366726,-5111.227675206037
2025-07-09 05:11:07.329389,INMARSAT 4-F3,FENGYUN 1C,-2108.571108325542,-42047.92606735854,-2490.1524258925947,-2109.7586185169584,-6796.88150906062,1057.124729918677,35429.07448807301,0,1.1875101914165498,-35251.044558297916,-3547.2771558112718
2025-07-09 06:11:07.329389,BEIJING 1,FENGYUN 1C,1192.7668681529199,-2373.588498606265,6544.324735761961,2171.622874256556,4881.197526426567,-4813.300573743519,13512.428797992472,0,-978.856006103636,-7254.786025032832,11357.62530950548
2025-07-08 14:11:07.329389,USA 119,FENGYUN 1C,-7756.806320957109,-1529.2652885398586,-310.58936273221633,-2213.041000681398,-4739.78652517597,4925.210384774648,8273.716186404758,0,-5543.765320275711,3210.521236636112,-5235.799747506865
2025-07-08 07:11:07.329389,STELLA,FENGYUN 1C,-2910.0322664500686,-6565.687485193954,224.89156146515495,-1831.3077112638512,-6816.825157799928,-1417.158237698751,1980.667649934706,0,-1078.7245551862175,251.13767260597433,1642.0497991639058
2025-07-09 04:11:07.329389,LAPAN-TUBSAT,FENGYUN 1C,-6834.739430845861,530.5073171877316,1411.3792398551898,1344.360384958022,6394.525509303432,2967.2332026837944,10183.568368111271,0,-8179.099815803883,-5864.0181921157,-1555.8539628286046
2025-07-08 19:11:07.329389,BADR-4,FENGYUN 1C DEB,-20437.956203164693,-36887.235300299275,320.05472505970516,22.07847058385215,1425.542765038566,7029.2370217755615,43948.77824269283,0,-20460.034673748545,-38312.77806533784,-6709.182296715856
2025-07-09 04:11:07.329389,ORBCOMM FM32,FENGYUN 1C,-7120.689499541443,582.9235850088816,65.78277908310723,1344.360384958022,6394.525509303432,2967.2332026837944,10670.060966749024,0,-8465.049884499465,-5811.60192429455,-2901.4504236006874
2025-07-09 03:11:07.329389,SAUDISAT 1C (SO-50),FENGYUN 1C DEB,-2797.0646243812425,-1138.9698441397913,6334.620225929112,-5600.878453194042,-4515.986895211704,-181.07280659104583,7856.199580198053,0,2803.8138288127993,3377.0170510719126,6515.693032520158
2025-07-08 22:11:07.329389,EUTELSAT 7 WEST A,FENGYUN 1C,-12599.737956067682,-40251.601663211615,-55.37191979675452,-596.7938701350218,-4963.847032137552,-5184.244268591599,37624.48172670486,0,-12002.94408593266,-35287.754631074065,5128.872348794845
2025-07-08 20:11:07.329389,CUBESAT XI-V,FENGYUN 1C DEB,4973.21906807026,-3005.0778254161446,3980.3911233540225,-3042.9364067549864,-3516.937527523592,-5531.410154272732,12449.703309568235,0,8016.155474825246,511.85970210744745,9511.801277626755
2025-07-08 11:11:07.329389,SES-5,FENGYUN 1C,-6897.638099509432,41586.48774205928,37.24534467623707,238.24379233974005,4032.6769446229705,5926.6368154396905,38676.79469242463,0,-7135.8818918491725,37553.81079743631,-5889.391470763453
2025-07-08 08:11:07.329389,INTELSAT 902 (IS-902),FENGYUN 1C,41998.60681991961,-558.0266636501354,-3763.8528831113704,2326.45608448017,6230.186654895082,-2723.209358616367,40262.16987419551,0,39672.15073543944,-6788.213318545218,-1040.6435244950035
2025-07-08 16:11:07.329389,ORBCOMM FM27,FENGYUN 1C DEB,-3933.139771799447,-3763.183779711669,4616.736281727898,5664.857629479999,4475.797689197808,97.2009599699416,13432.370203527691,0,-9597.997401279445,-8238.981468909476,4519.535321757957
2025-07-08 16:11:07.329389,SWAS,FENGYUN 1C DEB,4395.8217446734,369.39996257950537,-5348.4368513492,5664.857629479999,4475.797689197808,97.2009599699416,6937.429317706347,0,-1269.035884806599,-4106.397726618303,-5445.637811319141
2025-07-09 06:11:07.329389,SHIJIAN-6 03A (SJ-6 03A),FENGYUN 1C,5800.697066299203,2545.539112678723,-2770.8950665937023,2171.622874256556,4881.197526426567,-4813.300573743519,4774.609928852511,0,3629.0741920426467,-2335.6584137478435,2042.4055071498165
2025-07-09 02:11:07.329389,XIWANG-1 (HOPE-1),FENGYUN 1C,-2700.393953279001,300.07063919637443,-7074.8139656998965,-1145.3450438617483,32.14659846417876,7081.791206373027,14244.27711048349,0,-1555.0489094172526,267.9240407321957,-14156.605172072923
2025-07-09 00:11:07.329389,ECHOSTAR 15,FENGYUN 1C DEB,-42140.29294614499,-2434.1113934690356,3.383729340662569,-1570.8608375376707,154.255886971565,6993.292235382468,41248.48224742566,0,-40569.43210860732,-2588.3672804406006,-6989.908506041806
2025-07-08 15:11:07.329389,SJ-12,FENGYUN 1C DEB,-200.05315045833623,-1020.3543808954781,-6836.102298807056,-4273.039763059684,-4167.591201268109,-4058.8450015113385,5848.715897128304,0,4072.986612601348,3147.236820372631,-2777.2572972957178
2025-07-08 22:11:07.329389,NILESAT 201,FENGYUN 1C,-12368.942922875347,-40322.39423510985,-0.6053861306337793,-596.7938701350218,-4963.847032137552,-5184.244268591599,37625.529440640654,0,-11772.149052740326,-35358.5472029723,5183.638882460966
2025-07-08 14:11:07.329389,GLOBALSTAR M081,FENGYUN 1C DEB,6819.992382193487,794.900170725326,-3691.434834363244,1622.355779273754,2571.3152381367818,6502.866978612813,11579.93377363551,0,5197.636602919733,-1776.4150674114558,-10194.301812976057
2025-07-09 03:11:07.329389,RASAT,FENGYUN 1C DEB,-663.0298255291748,5869.14794295725,-3829.5094224082573,-5600.878453194042,-4515.986895211704,-181.07280659104583,12064.181050378764,0,4937.848627664867,10385.134838168953,-3648.4366158172115
2025-07-09 05:11:07.329389,NIGERIASAT-X,FENGYUN 1C,-6574.314469296593,-518.720699157184,2529.2395141559955,-2109.7586185169584,-6796.88150906062,1057.124729918677,7843.129734851269,0,-4464.555850779635,6278.1608099034365,1472.1147842373184
2025-07-08 11:11:07.329389,ORBCOMM FM06,FENGYUN 1C DEB,-4655.596383046723,2391.0085578281937,-4824.702110132006,5678.399013378634,4057.4227553550645,-1885.774499772931,10872.244139550514,0,-10333.995396425356,-1666.4141975268708,-2938.927610359075
2025-07-08 19:11:07.329389,NIMIQ 4,FENGYUN 1C DEB,-28619.552666819567,30955.683462869092,31.923063793202118,22.07847058385215,1425.542765038566,7029.2370217755615,41729.30201275021,0,-28641.63113740342,29530.140697830528,-6997.313957982359
2025-07-09 01:11:07.329389,CALSPHERE 4A,FENGYUN 1C DEB,-988.8077906482125,1367.1368553825612,7295.191286156264,-1580.5057515116412,-2581.0376855070444,-6570.253879511132,14428.747635340642,0,591.6979608634286,3948.174540889606,13865.445165667395
2025-07-08 12:11:07.329389,INMARSAT 4-F2,FENGYUN 1C,-12387.876891023914,-40276.11172551444,-1692.069862680857,-1471.4880965913096,-6465.095330207853,-2809.1409579773776,35547.15490481413,0,-10916.388794432605,-33811.016395306586,1117.0710952965205
2025-07-08 10:11:07.329389,GOSAT (IBUKI),FENGYUN 1C DEB,3011.6652622918286,-3684.133966662339,-5208.288677106194,-5170.595881410378,-4482.568451079472,-2266.5146535221397,8731.605204971152,0,8182.261143702206,798.4344844171328,-2941.7740235840542
2025-07-09 00:11:07.329389,SUOMI NPP,FENGYUN 1C DEB,-4080.2194681371875,5559.820478187869,2089.71857358989,-1570.8608375376707,154.255886971565,6993.292235382468,7717.644973915401,0,-2509.358630599517,5405.5645912163045,-4903.573661792578
2025-07-08 16:11:07.329389,USA 164 (MILSTAR-2 3),FENGYUN 1C,-41936.498786528144,-6870.931387184578,2039.0237958513076,-250.00355224149465,2802.204770549644,6597.350305902022,43036.168377499635,0,-41686.495234286645,-9673.136157734221,-4558.326510050714
2025-07-08 11:11:07.329389,SINAH 1,FENGYUN 1C DEB,5275.457041110818,-4642.538020981683,-693.5410287174861,5678.399013378634,4057.4227553550645,-1885.774499772931,8790.5119527999,0,-402.9419722678158,-8699.960776336748,1192.2334710554449
2025-07-08 13:11:07.329389,SES-5,FENGYUN 1C DEB,-26821.617538498118,32522.192542385117,28.13865040494843,1648.3001025245105,-116.98526335582096,-7052.081621462723,43886.0075356548,0,-28469.91764102263,32639.17780574094,7080.220271867672
2025-07-08 08:11:07.329389,MUOS-1,FENGYUN 1C DEB,26287.823970797857,-32843.93209308631,-3497.900619308035,62.616902914701306,-1366.593316085405,-7109.754788692097,41129.42781970509,0,26225.207067883155,-31477.338777000907,3611.8541693840616
2025-07-08 09:11:07.329389,GALAXY 16 (G-16),FENGYUN 1C DEB,34688.27375120403,-23990.546688309565,20.140425254115257,3101.2696308100694,3500.9286601793815,5457.062092514588,42226.53387805216,0,31587.00412039396,-27491.475348488948,-5436.9216672604725
2025-07-08 22:11:07.329389,CANX-2,FENGYUN 1C,5484.351685388118,-2510.4795922325816,-3445.8930414506317,-596.7938701350218,-4963.847032137552,-5184.244268591599,6783.8932812616695,0,6081.1455555231405,2453.36743990497,1738.3512271409677
2025-07-08 08:11:07.329389,COSMOS 2428,FENGYUN 1C,2011.5046598907088,-2390.5654060045845,-6521.545105605835,2326.45608448017,6230.186654895082,-2723.209358616367,9425.705010354124,0,-314.9514245894611,-8620.752060899667,-3798.3357469894677
2025-07-08 16:11:07.329389,WGS F1 (USA 195),FENGYUN 1C,-25468.910481257528,33599.52188739289,42.74527969437217,-250.00355224149465,2802.204770549644,6597.350305902022,40341.42852378142,0,-25218.906929016033,30797.317116843245,-6554.60502620765
2025-07-08 15:11:07.329389,JAS-2 (FO-29),FENGYUN 1C DEB,-1681.3112501496082,-5465.32590267326,-4487.698440166087,-4273.039763059684,-4167.591201268109,-4058.8450015113385,2930.031964280969,0,2591.7285129100765,-1297.734701405151,-428.85343865474806
2025-07-08 12:11:07.329389,CUBESAT XI-IV (CO-57),FENGYUN 1C,-2659.539476267515,-1862.769490791403,-6434.101363444963,-1471.4880965913096,-6465.095330207853,-2809.1409579773776,5977.725918283523,0,-1188.0513796762054,4602.32583941645,-3624.960405467585
2025-07-08 08:11:07.329389,NSS-12,FENGYUN 1C,-11855.864896436453,40447.9335150597,17.34215227734474,2326.45608448017,6230.186654895082,-2723.209358616367,37141.661933412666,0,-14182.320980916622,34217.746860164625,2740.5515108937116
2025-07-08 21:11:07.329389,INTELSAT 14 (IS-14),FENGYUN 1C DEB,-39648.107210218775,-14344.178533576891,-4.907762971607525,5203.628407418859,4540.0547096468645,2072.2334310043207,48709.41355260453,0,-44851.735617637634,-18884.233243223756,-2077.141193975928
2025-07-08 15:11:07.329389,BEIDOU-2 G3,FENGYUN 1C DEB,-24642.353135929658,-34252.00378623408,380.15840385248055,-4273.039763059684,-4167.591201268109,-4058.8450015113385,36601.71524802451,0,-20369.313372869972,-30084.412584965976,4439.003405363819
2025-07-08 22:11:07.329389,INTELSAT 906 (IS-906),FENGYUN 1C,33988.55178348924,-24745.75193216352,-3348.17494807723,-596.7938701350218,-4963.847032137552,-5184.244268591599,39885.34876372616,0,34585.34565362426,-19781.90490002597,1836.0693205143693
2025-07-08 09:11:07.329389,STRELA 3,FENGYUN 1C,-2308.655279956307,3195.496259371965,-6837.952196182608,-2045.079644269584,-3605.2286860213344,5864.472325661028,14410.791811408451,0,-263.575635686723,6800.7249453933,-12702.424521843635
2025-07-08 15:11:07.329389,WORLDVIEW-1 (WV-1),FENGYUN 1C,-1674.0339759591047,3231.9198609609093,-5837.651102829426,1470.911476851229,1128.9386936907035,-6954.139045819731,3944.5857853377042,0,-3144.945452810334,2102.981167270206,1116.4879429903049
2025-07-08 14:11:07.329389,BEIDOU-2 G3,FENGYUN 1C DEB,-32653.2186750703,-26703.35988095274,1069.7360702473177,1622.355779273754,2571.3152381367818,6502.866978612813,45401.98805086577,0,-34275.57445434405,-29274.675119089523,-5433.130908365495
2025-07-09 02:11:07.329389,KKS-1 (KISEKI),FENGYUN 1C,-1559.325533186282,2959.6442759505035,-6154.526797249298,-1145.3450438617483,32.14659846417876,7081.791206373027,13562.512185810037,0,-413.98048932453366,2927.497677486325,-13236.318003622326
2025-07-08 11:11:07.329389,THURAYA-3,FENGYUN 1C DEB,-41048.14314743332,-9521.5258121252,1493.0531355664768,5678.399013378634,4057.4227553550645,-1885.774499772931,48776.777903975424,0,-46726.54216081196,-13578.948567480265,3378.8276353394076
2025-07-08 12:11:07.329389,AJISAI (EGS),FENGYUN 1C DEB,-3683.0276192153597,-3514.555599138306,5983.099080969218,-4333.736061139182,-2349.03394907812,5211.008482984838,1542.0720102011535,0,650.7084419238226,-1165.5216500601864,772.0905979843801
2025-07-08 19:11:07.329389,SHIJIAN-6 01A (SJ-6 01A),FENGYUN 1C,3613.2366622272602,1345.703403779231,-5737.185761927655,-2279.812331654448,-5675.010936449792,3777.3230878014488,13211.522809387308,0,5893.048993881708,7020.714340229023,-9514.508849729104
2025-07-08 10:11:07.329389,IRS-P6 (RESOURCESAT-1),FENGYUN 1C,899.7531858915877,-488.3008625745477,-7042.173349867355,1077.177962836892,-287.5492593363935,-7111.894440357536,276.84253310486866,1,-177.4247769453043,-200.7516032381542,69.72109049018127
2025-07-08 12:11:07.329389,NOAA 19,FENGYUN 1C,-1475.9363602509518,-6666.949671778537,-2364.207709494505,-1471.4880965913096,-6465.095330207853,-2809.1409579773776,488.60061181505057,1,-4.44826365964218,-201.85434157068357,444.93324848287284
2025-07-08 13:11:07.329389,NOAA 19,FENGYUN 1C,2132.490778944503,6733.383948612106,-1546.676578484065,2213.4443693958415,6705.063847879517,-1322.9388461500334,239.61236358427288,1,-80.95359045133864,28.3201007325888,-223.73773233403153
2025-07-08 14:11:07.329389,CALSPHERE 1,FENGYUN 1C DEB,1419.2547221944246,2837.836747782071,6648.021702418785,1622.355779273754,2571.3152381367818,6502.866978612813,365.17618807026986,1,-203.1010570793294,266.52150964528937,145.15472380597203
2025-07-08 14:11:07.329389,NOAA 19,FENGYUN 1C,-2145.146317879365,-4756.200624927405,5000.679495719897,-2213.041000681398,-4739.78652517597,4925.210384774648,102.83334736506929,1,67.894682802033,-16.41409975143506,75.46911094524876
2025-07-08 15:11:07.329389,NOAA 19,FENGYUN 1C,1516.1510630689324,1357.3740753856164,-6932.503240976576,1470.911476851229,1128.9386936907035,-6954.139045819731,233.874863596883,1,45.23958621770339,228.43538169491285,21.6358048431548
2025-07-08 16:11:07.329389,NOAA 19,FENGYUN 1C,-432.73631335704243,2465.3249489251657,6781.0497534010065,-250.00355224149465,2802.204770549644,6597.350305902022,424.999721428243,1,-182.7327611155478,-336.87982162447815,183.69944749898423
2025-07-08 19:11:07.329389,CALSPHERE 2,FENGYUN 1C,-2387.697719364915,-5876.452088805849,3857.181985457465,-2279.812331654448,-5675.010936449792,3777.3230878014488,242.0645332939295,1,-107.88538771046706,-201.4411523560566,79.85889765601632
2025-07-08 19:11:07.329389,AURA,FENGYUN 1C DEB,49.39509538679683,1288.1289257918497,6942.847992643996,22.07847058385215,1425.542765038566,7029.2370217755615,164.59594637001757,1,27.31662480294468,-137.41383924671618,-86.38902913156562
2025-07-08 21:11:07.329389,CUTE-1.7+APD II (CO-65),FENGYUN 1C,-993.17820602142,1307.5144587429486,6719.265879197814,-718.0296588066426,1449.5052348877064,6987.840620391413,409.87863466128846,1,-275.1485472147774,-141.99077614475777,-268.57474119359904
2025-07-09 00:11:07.329389,MKA-PN 1,FENGYUN 1C DEB,-1318.61866353583,206.3357349602264,7044.428409109683,-1570.8608375376707,154.255886971565,6993.292235382468,262.58966692380903,1,252.2421740018408,52.07984798866141,51.136173727215464
2025-07-09 01:11:07.329389,TERRA,FENGYUN 1C,2360.1847168858203,3587.8300363100434,-5622.702344798035,2029.2047600843139,3769.5151407507265,-5780.558358524864,409.2379870560332,1,330.97995680150643,-181.68510444068306,157.8560137268296
2025-07-09 03:11:07.329389,APRIZESAT 4,FENGYUN 1C,-138.00020173108467,-3444.905061796271,-6078.154628304404,-122.43959499472162,-3877.5148496550446,-6067.857253808394,433.0120055549589,1,-15.560606736363056,432.6097878587734,-10.29737449600998
2025-07-09 06:11:07.329389,YAOGAN-3,FENGYUN 1C DEB,-131.79403369539315,-1309.3713158156474,-6863.145621151076,-2.556624875029662,-1432.6853603210843,-7096.036527068439,293.5078115994541,1,-129.2374088203635,123.31404450543687,232.89090591736294
2025-07-09 06:11:07.329389,SHIYAN-4 (SY-4),FENGYUN 1C DEB,199.54025137616915,-1101.5087128671028,-7102.70428788226,-2.556624875029662,-1432.6853603210843,-7096.036527068439,388.027806018617,1,202.0968762511988,331.17664745398156,-6.667760813821587
